rank,crd,name,city,state,raum,growth,seats,offices,hnw_share,score,tier,why,iapd_url,item11,new_registrant,stale_filing,crossed_500m,crossed_1b,crossed_5b,fund_launched,bank_affiliate,seat_growth,low_discretion,commissions,bd_linked,run_id,your_verdict
1,7927,"NORTHERN TRUST SECURITIES, INC",CHICAGO,IL,1662427504.0,0.3018940182594083,377.0,29.0,0.8763462349453526,92.0,A,"growth +30% (+24) · hnw_mix 88% (+19) · seats 377 (+15) · flags: item11, bank_affiliate, seat_growth, bd_linked",https://adviserinfo.sec.gov/firm/summary/7927,True,False,False,False,False,False,False,True,True,False,False,True,20260930T053209-645da65,
2,322879,"ASCENTIS INDEPENDENT ADVISORS, LLC",DALLAS,TX,2094861769.0,1.3794859701957498,39.0,28.0,0.7042552567581847,87.4,A,"growth +138% (+29) · scale $2.1B (+15) · hnw_mix 70% (+12) · flags: crossed_1b, seat_growth",https://adviserinfo.sec.gov/firm/summary/322879,False,False,False,False,True,False,False,False,True,False,False,False,20260930T053209-645da65,
3,113074,ADVISORNET WEALTH PARTNERS,MINNETONKA,MN,3149498789.0,0.34615981670626184,68.0,37.0,0.7190730534362495,86.7,A,"growth +35% (+26) · scale $3.1B (+15) · seats 68 (+13) · flags: item11, bd_linked",https://adviserinfo.sec.gov/firm/summary/113074,True,False,False,False,False,False,False,False,False,False,False,True,20260930T053209-645da65,
4,7995,"AUSDAL FINANCIAL PARTNERS, INC.",DAVENPORT,IA,3733313940.0,0.7489274278698688,283.0,111.0,0.5529258468951582,85.4,A,"growth +75% (+29) · scale $3.7B (+15) · seats 283 (+15) · flags: commissions, bd_linked",https://adviserinfo.sec.gov/firm/summary/7995,False,False,False,False,False,False,False,False,False,False,True,True,20260930T053209-645da65,
5,322789,"GATEWAY WEALTH PARTNERS, LLC",APPLETON,WI,2278835584.0,0.823400448614158,83.0,25.0,0.5727535014654221,85.4,A,growth +82% (+29) · scale $2.3B (+15) · seats 83 (+14) · flags: seat_growth,https://adviserinfo.sec.gov/firm/summary/322789,False,False,False,False,False,False,False,False,True,False,False,False,20260930T053209-645da65,
6,331709,"DIVERSIFIED, LLC",WILMINGTON,DE,2791127378.0,0.3415652903035227,34.0,11.0,0.7954805196282232,84.7,A,growth +34% (+26) · hnw_mix 80% (+16) · scale $2.8B (+15) · flags: seat_growth,https://adviserinfo.sec.gov/firm/summary/331709,False,False,False,False,False,False,False,False,True,False,False,False,20260930T053209-645da65,
7,133705,WATERLOO CAPITAL,AUSTIN,TX,2261124371.0,0.3406256020551224,44.0,12.0,0.7300000000751838,83.4,A,"growth +34% (+25) · scale $2.3B (+15) · hnw_mix 73% (+13) · flags: commissions, bd_linked",https://adviserinfo.sec.gov/firm/summary/133705,False,False,False,False,False,False,False,False,False,False,True,True,20260930T053209-645da65,
8,288792,"KINGSWOOD WEALTH ADVISORS, LLC",SAN DIEGO,CA,3800734890.0,0.5381734777751428,76.0,43.0,0.553899274463734,83.0,A,growth +54% (+28) · scale $3.8B (+15) · seats 76 (+14) · flags: bd_linked,https://adviserinfo.sec.gov/firm/summary/288792,False,False,False,False,False,False,False,False,False,False,False,True,20260930T053209-645da65,
9,286477,PERENNIAL FINANCIAL SERVICES,LOS ANGELES,CA,2498681329.0,0.3164004935941831,39.0,14.0,0.7355919827261814,83.0,A,growth +32% (+25) · scale $2.5B (+15) · hnw_mix 74% (+13),https://adviserinfo.sec.gov/firm/summary/286477,False,False,False,False,False,False,False,False,False,False,False,False,20260930T053209-645da65,
10,310327,"PALLAS CAPITAL ADVISORS, LLC",BRAINTREE,MA,4311253998.0,0.3493050384280654,23.0,5.0,0.8452631876225633,82.6,A,growth +35% (+26) · hnw_mix 85% (+18) · scale $4.3B (+15),https://adviserinfo.sec.gov/firm/summary/310327,False,False,False,False,False,False,False,False,False,False,False,False,20260930T053209-645da65,
11,44181,"NATIONS FINANCIAL GROUP, INC.",CEDAR RAPIDS,IA,4771466316.0,0.23372682175123494,81.0,39.0,0.7095618515941338,82.5,A,growth +23% (+21) · scale $4.8B (+15) · seats 81 (+14) · flags: bd_linked,https://adviserinfo.sec.gov/firm/summary/44181,False,False,False,False,False,False,False,False,False,False,False,True,20260930T053209-645da65,
12,335242,SUMMIT WEALTH GROUP,COLORADO SPRINGS,CO,2306090776.0,0.7034705364881455,29.0,10.0,0.6618503971675398,82.1,A,growth +70% (+29) · scale $2.3B (+15) · hnw_mix 66% (+10) · flags: bd_linked,https://adviserinfo.sec.gov/firm/summary/335242,False,False,False,False,False,False,False,False,False,False,False,True,20260930T053209-645da65,
13,288817,INTEGRITY ADVISORY SOLUTIONS,DALLAS,TX,1103455772.0,1.1540770991472549,108.0,100.0,0.5773709333589856,82.1,A,"growth +115% (+29) · seats 108 (+15) · scale $1.1B (+11) · flags: crossed_1b, bd_linked",https://adviserinfo.sec.gov/firm/summary/288817,False,False,False,False,True,False,False,False,False,False,False,True,20260930T053209-645da65,
14,309709,"FORTIS CAPITAL ADVISORS, LLC",PRAIRIE VILLAGE,KS,1615575526.0,0.3327675024268433,57.0,39.0,0.6428103491832668,81.0,A,growth +33% (+25) · scale $1.6B (+13) · seats 57 (+13),https://adviserinfo.sec.gov/firm/summary/309709,False,False,False,False,False,False,False,False,False,False,False,False,20260930T053209-645da65,
15,168012,"IFG ADVISORY, LLC",ATLANTA,GA,4759187483.0,0.19804862895900333,86.0,62.0,0.7405944091486425,80.3,A,growth +20% (+17) · scale $4.8B (+15) · seats 86 (+14) · flags: bd_linked,https://adviserinfo.sec.gov/firm/summary/168012,False,False,False,False,False,False,False,False,False,False,False,True,20260930T053209-645da65,
16,300139,"INDEPENDENCE SQUARE HOLDINGS, LLC",KING OF PRUSSIA,PA,1833978825.0,0.23250402947954107,37.0,13.0,0.7909566153251524,80.2,A,"growth +23% (+21) · hnw_mix 79% (+16) · scale $1.8B (+14) · flags: commissions, bd_linked",https://adviserinfo.sec.gov/firm/summary/300139,False,False,False,False,False,False,False,False,False,False,True,True,20260930T053209-645da65,
17,321217,"APOLLON FINANCIAL, LLC",MOUNT PLEASANT,SC,1447040552.0,0.6251415647312177,18.0,6.0,0.7854160053974769,80.1,A,"growth +63% (+28) · hnw_mix 79% (+15) · scale $1.4B (+13) · flags: crossed_1b, seat_growth",https://adviserinfo.sec.gov/firm/summary/321217,False,False,False,False,True,False,False,False,True,False,False,False,20260930T053209-645da65,
18,316636,HIGHPOINT PLANNING PARTNERS,DOWNERS GROVE,IL,4783000000.0,0.19604901225306337,102.0,67.0,0.7204683253188375,79.9,A,growth +20% (+17) · scale $4.8B (+15) · seats 102 (+15) · flags: item11,https://adviserinfo.sec.gov/firm/summary/316636,True,False,False,False,False,False,False,False,False,False,False,False,20260930T053209-645da65,
19,164666,"CORNERSTONE WEALTH MANAGEMENT, LLC",DES PERES,MO,4934013239.0,0.20857240768741425,102.0,45.0,0.6729664052691043,79.5,A,growth +21% (+19) · scale $4.9B (+15) · seats 102 (+15),https://adviserinfo.sec.gov/firm/summary/164666,False,False,False,False,False,False,False,False,False,False,False,False,20260930T053209-645da65,
20,167995,"GOLDEN STATE WEALTH MANAGEMENT, LLC",POWELL,WY,2215873193.0,0.2073721468095373,45.0,26.0,0.7557857061904535,79.3,A,growth +21% (+19) · scale $2.2B (+15) · hnw_mix 76% (+14),https://adviserinfo.sec.gov/firm/summary/167995,False,False,False,False,False,False,False,False,False,False,False,False,20260930T053209-645da65,
21,158819,CORECAP ADVISORS,SOUTHFIELD,MI,3986624254.0,0.258662025117953,110.0,40.0,0.5386439692292104,78.1,A,"growth +26% (+23) · scale $4.0B (+15) · seats 110 (+15) · flags: item11, bd_linked",https://adviserinfo.sec.gov/firm/summary/158819,True,False,False,False,False,False,False,False,False,False,False,True,20260930T053209-645da65,
22,169610,"VISIONARY WEALTH ADVISORS, LLC",ST. LOUIS,MO,3536310209.0,0.237507758311031,51.0,8.0,0.713612617348299,77.9,A,growth +24% (+21) · scale $3.5B (+15) · hnw_mix 71% (+13),https://adviserinfo.sec.gov/firm/summary/169610,False,False,False,False,False,False,False,False,False,False,False,False,20260930T053209-645da65,
23,281554,INTRUA FINANCIAL,HOUSTON,TX,1747007902.0,0.44051525844991923,38.0,26.0,0.5392522471830239,77.7,A,growth +44% (+27) · scale $1.7B (+14) · seats 38 (+11) · flags: bd_linked,https://adviserinfo.sec.gov/firm/summary/281554,False,False,False,False,False,False,False,False,False,False,False,True,20260930T053209-645da65,
24,331565,"PARKWOODS WEALTH PARTNERS, LLC",CLAYTON,MO,1785063018.0,3.3687834525488194,21.0,17.0,0.807269242300778,77.5,A,"growth +337% (+29) · hnw_mix 81% (+16) · scale $1.8B (+14) · flags: crossed_500m, crossed_1b, seat_growth",https://adviserinfo.sec.gov/firm/summary/331565,False,False,False,True,True,False,False,False,True,False,False,False,20260930T053209-645da65,
25,2882,"VOYA FINANCIAL ADVISORS, INC.",WINDSOR,CT,3870673693.0,0.41021756602438275,638.0,303.0,0.41275619122564977,77.2,A,"growth +41% (+27) · scale $3.9B (+15) · seats 638 (+15) · flags: item11, bank_affiliate, low_discretion, commissions, bd_linked",https://adviserinfo.sec.gov/firm/summary/2882,True,False,False,False,False,False,False,True,False,True,True,True,20260930T053209-645da65,
