Company name,Company domain name,City,State/Region,Country/Region,Website URL,crd,radar_score,radar_tier,radar_why,radar_run_id,domain_source
"STRATOS WEALTH PARTNERS, LTD",turcottewm.com,BEACHWOOD,OH,United States,http://www.turcottewm.com,153184,92.2,A,"seats 352 (+20) · growth +29% (+15) · offices 170 (+10) · flags: bank_affiliate, manager_selection",20260930T053624-d64ec98,website
"AUSDAL FINANCIAL PARTNERS, INC.",theonlycornerstone.com,DAVENPORT,IA,United States,https://www.theonlycornerstone.com/,7995,92.0,A,"seats 283 (+20) · growth +75% (+20) · offices 111 (+10) · flags: commissions, manager_selection",20260930T053624-d64ec98,website
"VOYA FINANCIAL ADVISORS, INC.",,WINDSOR,CT,United States,https://www.linkedin.com/company/voya,2882,91.8,A,"seats 638 (+20) · growth +41% (+17) · offices 303 (+10) · flags: item11, bank_affiliate, low_discretion, commissions, manager_selection",20260930T053624-d64ec98,none
TD PRIVATE CLIENT WEALTH LLC,td.com,NEW YORK,NY,United States,https://www.td.com/us/en/investing/,164484,86.8,A,"seats 514 (+20) · growth +33% (+16) · offices 221 (+10) · flags: bank_affiliate, manager_selection",20260930T053624-d64ec98,website
"INTEGRITY ALLIANCE, LLC",integritywealth.com,URBANDALE,IA,United States,HTTP://WWW.INTEGRITYWEALTH.COM/WEALTH,139627,86.4,A,"seats 322 (+20) · growth +125% (+20) · offices 128 (+10) · flags: item11, crossed_5b, seat_growth, manager_selection",20260930T053624-d64ec98,website
MERIT FINANCIAL ADVISORS,,ALPHARETTA,GA,United States,https://www.instagram.com/meritfinadvisor/,142457,85.4,A,"seats 407 (+20) · growth +126% (+20) · hybrid_depth 87% (+10) · flags: seat_growth, manager_selection",20260930T053624-d64ec98,none
"SUMMIT FINANCIAL, LLC",stappas.summitfinancial.com,PARSIPPANY,NJ,United States,https://www.stappas.summitfinancial.com/,299322,84.4,A,"seats 216 (+18) · growth +50% (+18) · offices 107 (+10) · flags: seat_growth, manager_selection",20260930T053624-d64ec98,website
"NORTHERN TRUST SECURITIES, INC",northerntrust.com,CHICAGO,IL,United States,HTTP://WWW.NORTHERNTRUST.COM,7927,84.2,A,"seats 377 (+20) · growth +30% (+16) · hybrid_depth 98% (+10) · flags: item11, bank_affiliate, seat_growth, manager_selection",20260930T053624-d64ec98,website
THRIVENT INVESTMENT MANAGEMENT INC.,,MINNEAPOLIS,MN,United States,https://www.youtube.com/channel/UC4EahwEqkPQJIekP8qLebjQ,18387,83.6,A,"seats 3,901 (+20) · offices 1,226 (+10) · hybrid_depth 100% (+10) · flags: item11, bank_affiliate, low_discretion",20260930T053624-d64ec98,none
IHT WEALTH MANAGEMENT LLC,,CHICAGO,IL,United States,https://twitter.com/Ihtwealth,171481,82.9,A,growth +54% (+18) · seats 153 (+16) · hybrid_depth 84% (+10) · flags: manager_selection,20260930T053624-d64ec98,none
PARK AVENUE SECURITIES LLC,vestwise.com,NEW YORK,NY,United States,http://www.vestwise.com,46173,82.8,A,"seats 2,054 (+20) · growth +31% (+16) · offices 543 (+10) · flags: item11, manager_selection",20260930T053624-d64ec98,website
"OSAIC ADVISORY SERVICES, LLC",bloomfieldhillsadvisory.com,ATLANTA,GA,United States,https://www.bloomfieldhillsadvisory.com/,171070,82.8,A,"seats 826 (+20) · growth +24% (+14) · offices 200 (+10) · flags: item11, manager_selection",20260930T053624-d64ec98,website
"PROSPERA FINANCIAL SERVICES, INC.",,DALLAS,TX,United States,HTTPS://TWITTER.COM/PROSPERAFINSVCS,10740,82.7,A,"seats 220 (+18) · growth +27% (+15) · offices 139 (+10) · flags: item11, stale_filing, seat_growth, commissions, manager_selection",20260930T053624-d64ec98,none
"PACKERLAND BROKERAGE SERVICES, INC.",,GREEN BAY,WI,United States,HTTPS://WWW.LINKEDIN.COM/COMPANY/PACKERLAND-BROKERAGE-SERVICES-INC-/,37031,82.6,A,"seats 318 (+20) · growth +49% (+18) · offices 133 (+10) · flags: item11, crossed_1b, manager_selection",20260930T053624-d64ec98,none
"KESTRA PRIVATE WEALTH SERVICES, LLC",,AUSTIN,TX,United States,HTTPS://WWW.LINKEDIN.COM/COMPANY/KESTRA-FINANCIAL,155193,81.9,A,"seats 211 (+18) · growth +32% (+16) · hybrid_depth 95% (+10) · flags: item11, manager_selection",20260930T053624-d64ec98,none
"INDEPENDENT ADVISOR ALLIANCE, LLC",wealthbalanceadvisors.com,CHARLOTTE,NC,United States,https://wealthbalanceadvisors.com/,168267,81.4,A,seats 247 (+19) · growth +22% (+13) · offices 140 (+10) · flags: manager_selection,20260930T053624-d64ec98,website
"LARSON FINANCIAL GROUP, LLC",,SAINT LOUIS,MO,United States,https://www.linkedin.com/company/larson-financial,140599,81.0,A,"growth +36% (+17) · seats 68 (+11) · platform_sponsor yes (+10) · flags: item11, crossed_5b, manager_selection",20260930T053624-d64ec98,none
A.G.P / ALLIANCE GLOBAL PARTNERS,agplowcountry.com,WESTPORT,CT,United States,https://www.agplowcountry.com,8361,80.3,A,"seats 258 (+19) · growth +36% (+17) · hybrid_depth 81% (+10) · flags: item11, manager_selection",20260930T053624-d64ec98,website
"PRINCIPAL SECURITIES, INC.",,DES MOINES,IA,United States,HTTPS://X.COM/PRINCIPAL,1137,79.8,A,"seats 1,464 (+20) · offices 358 (+10) · hybrid_depth 97% (+10) · flags: item11, bank_affiliate, manager_selection",20260930T053624-d64ec98,none
WEALTHCARE ADVISORY PARTNERS LLC,wealthcarelv.com,WEST CHESTER,PA,United States,https://wealthcarelv.com/,171976,78.6,A,"growth +38% (+17) · seats 173 (+17) · platform_sponsor yes (+10) · flags: item11, manager_selection",20260930T053624-d64ec98,website
PRIMERICA ADVISORS,landmark.primerica.com,DULUTH,GA,United States,https://landmark.primerica.com/public/landmark/,10111,77.4,A,"seats 3,975 (+20) · growth +39% (+17) · offices 1,828 (+10) · flags: item11",20260930T053624-d64ec98,website
"SYNOVUS SECURITIES, INC.",cfgltd.com,COLUMBUS,GA,United States,HTTP://WWW.CFGLTD.COM,14023,77.4,A,"seats 229 (+18) · growth +19% (+10) · hybrid_depth 82% (+10) · flags: item11, bank_affiliate, commissions, manager_selection",20260930T053624-d64ec98,website
HSBC SECURITIES (USA) INC.,us.hsbc.com,NEW YORK,NY,United States,HTTPS://WWW.US.HSBC.COM/,19585,77.3,A,"seats 402 (+20) · platform_sponsor yes (+10) · growth +19% (+10) · flags: item11, bank_affiliate, low_discretion, manager_selection",20260930T053624-d64ec98,website
CITIZENS PRIVATE WEALTH,citizensbank.com,TARRYTOWN,NY,United States,https://www.citizensbank.com/investing-and-wealth-management/services/clarfeld.aspx,106743,77.0,A,"seats 214 (+18) · growth +37% (+17) · platform_sponsor yes (+10) · flags: bank_affiliate, manager_selection",20260930T053624-d64ec98,website
"FIRST CITIZENS INVESTOR SERVICES, INC.",firstcitizens.com,RALEIGH,NC,United States,https://WWW.FIRSTCITIZENS.COM/wealth,44430,76.9,A,"seats 351 (+20) · growth +25% (+14) · offices 111 (+10) · flags: bank_affiliate, low_discretion, manager_selection",20260930T053624-d64ec98,website
"FIFTH THIRD SECURITIES, INC.",,CINCINNATI,OH,United States,HTTPS://WWW.LINKEDIN.COM/COMPANY/3011/,628,76.4,A,"seats 13,533 (+20) · growth +20% (+11) · offices 1,117 (+10) · flags: bank_affiliate, seat_growth, manager_selection",20260930T053624-d64ec98,none
"VALMARK ADVISERS, INC.",,AKRON,OH,United States,https://www.linkedin.com/company/valmark-financial-group/mycompany/,108050,76.2,A,"seats 280 (+20) · growth +21% (+12) · offices 156 (+10) · flags: item11, manager_selection",20260930T053624-d64ec98,none
"KINGSWOOD WEALTH ADVISORS, LLC",kingswoodus.com,SAN DIEGO,CA,United States,https://www.kingswoodus.com,288792,76.1,A,growth +54% (+18) · seats 76 (+12) · platform_sponsor yes (+10) · flags: manager_selection,20260930T053624-d64ec98,website
INTRUA FINANCIAL,,HOUSTON,TX,United States,https://www.facebook.com/chrissmithwealth,281554,76.1,A,growth +44% (+18) · platform_sponsor yes (+10) · hybrid_depth 70% (+9) · flags: manager_selection,20260930T053624-d64ec98,none
"CALTON & ASSOCIATES, INC.",calton.com,TAMPA,FL,United States,HTTP://WWW.CALTON.COM,20999,76.1,A,"seats 369 (+20) · growth +30% (+15) · hybrid_depth 99% (+10) · flags: item11, commissions, manager_selection",20260930T053624-d64ec98,website
ONESEVEN,,BEACHWOOD,OH,United States,https://www.linkedin.com/company/stonecreek-advisors/,283087,75.9,A,"growth +59% (+18) · seats 95 (+13) · platform_sponsor yes (+10) · flags: crossed_5b, manager_selection",20260930T053624-d64ec98,none
CAPITAL ANALYSTS,lincolninvestment.com,FORT WASHINGTON,PA,United States,HTTPS://WWW.LINCOLNINVESTMENT.COM,162200,75.4,A,"seats 667 (+20) · offices 254 (+10) · hybrid_depth 97% (+10) · flags: item11, manager_selection",20260930T053624-d64ec98,website
"MUTUAL ADVISORS, LLC",nancewealth.com,OMAHA,NE,United States,https://nancewealth.com/,167658,75.2,A,"seats 158 (+16) · growth +27% (+15) · platform_sponsor yes (+10) · flags: seat_growth, manager_selection",20260930T053624-d64ec98,website
"HARBOUR INVESTMENTS, INC.",,MADISON,WI,United States,HTTPS://WWW.FACEBOOK.COM/HARBOURINV/,19258,75.1,A,"seats 232 (+18) · growth +27% (+15) · offices 137 (+10) · flags: item11, commissions, manager_selection",20260930T053624-d64ec98,none
BOK FINANCIAL ADVISORS,,TULSA,OK,United States,https://www.facebook.com/BOKFinancialAdvisors/,17530,75.1,A,"seats 142 (+16) · growth +27% (+15) · offices 114 (+10) · flags: item11, crossed_1b, bank_affiliate, low_discretion, commissions, manager_selection",20260930T053624-d64ec98,none
DAVENPORT & COMPANY LLC,,RICHMOND,VA,United States,HTTPS://WWW.LINKEDIN.COM/COMPANY/DAVENPORT-&-COMPANY-LLC,1588,74.3,B,"seats 358 (+20) · platform_sponsor yes (+10) · scale $24.7B (+10) · flags: item11, commissions, manager_selection",20260930T053624-d64ec98,none
NEW EDGE WEALTH,,STAMFORD,CT,United States,https://www.linkedin.com/company/newedgewealth/,307771,74.1,B,"growth +65% (+19) · seats 99 (+13) · platform_sponsor yes (+10) · flags: commissions, manager_selection",20260930T053624-d64ec98,none
LEVEL FOUR ADVISORY SERVICES,levelfourgroup.com,DALLAS,TX,United States,https://levelfourgroup.com/lfas/,134086,74.0,B,"seats 119 (+15) · growth +23% (+13) · hybrid_depth 85% (+10) · flags: bank_affiliate, manager_selection",20260930T053624-d64ec98,website
CARY STREET PARTNERS,,RICHMOND,VA,United States,https://www.linkedin.com/company/cary-street-partners,128545,73.7,B,"growth +24% (+14) · seats 85 (+13) · platform_sponsor yes (+10) · flags: fund_launched, manager_selection",20260930T053624-d64ec98,none
"NATIONS FINANCIAL GROUP, INC.",nationsfg.com,CEDAR RAPIDS,IA,United States,HTTP://WWW.NATIONSFG.COM/,44181,73.5,B,growth +23% (+13) · seats 81 (+12) · hybrid_depth 84% (+10) · flags: manager_selection,20260930T053624-d64ec98,website
ADVISORNET WEALTH PARTNERS,fsaadvisors.com,MINNETONKA,MN,United States,http://www.fsaadvisors.com,113074,73.5,B,"growth +35% (+16) · seats 68 (+11) · platform_sponsor yes (+10) · flags: item11, manager_selection",20260930T053624-d64ec98,website
INDEPENDENT FINANCIAL PARTNERS,stonelakewealthmgmt.com,TAMPA,FL,United States,https://stonelakewealthmgmt.com/,125112,73.4,B,"seats 302 (+20) · growth +30% (+16) · offices 171 (+10) · flags: item11, manager_selection",20260930T053624-d64ec98,website
"HANTZ FINANCIAL SERVICES, INC.",hantzgroup.com,SOUTHFIELD,MI,United States,HTTP://WWW.HANTZGROUP.COM,46047,72.8,B,"seats 353 (+20) · growth +28% (+15) · hybrid_depth 81% (+10) · flags: bank_affiliate, manager_selection",20260930T053624-d64ec98,website
"LPL ENTERPRISE, LLC",lpl.com,FORT MILL,SC,United States,https://www.lpl.com/lpl-enterprise.html,8733,72.7,B,"seats 4,492 (+20) · growth +32% (+16) · offices 1,140 (+10) · flags: item11, bank_affiliate, seat_growth",20260930T053624-d64ec98,website
STEPHENS,apps.apple.com,LITTLE ROCK,AR,United States,https://apps.apple.com/us/app/stephens-events/id1480282538,3496,72.7,B,"seats 611 (+20) · hybrid_depth 100% (+10) · platform_sponsor yes (+10) · flags: item11, commissions, manager_selection",20260930T053624-d64ec98,website
"IFG ADVISORY, LLC",cpcllp.com,ATLANTA,GA,United States,HTTP://WWW.CPCLLP.COM,168012,72.7,B,seats 86 (+13) · growth +20% (+11) · platform_sponsor yes (+10) · flags: manager_selection,20260930T053624-d64ec98,website
"U.S. BANCORP ADVISORS, LLC",usbank.com,SAINT PAUL,MN,United States,https://www.usbank.com/wealth-management.html,14455,72.6,B,"seats 274 (+19) · offices 174 (+10) · platform_sponsor yes (+10) · flags: item11, bank_affiliate, seat_growth, manager_selection",20260930T053624-d64ec98,website
"STIFEL INDEPENDENT ADVISORS, LLC",columbiacrestfa.com,ST LOUIS,MO,United States,https://www.columbiacrestfa.com,28218,71.9,B,"seats 156 (+16) · scale $5.0B (+10) · hnw_mix 69% (+10) · flags: item11, crossed_5b, bank_affiliate, commissions, manager_selection",20260930T053624-d64ec98,website
CORECAP ADVISORS,romainfinancial.com,SOUTHFIELD,MI,United States,http://www.romainfinancial.com,158819,71.1,B,"growth +26% (+15) · seats 110 (+14) · platform_sponsor yes (+10) · flags: item11, manager_selection",20260930T053624-d64ec98,website
ARVEST WEALTH MANAGEMENT,share.arvest.com,LOWELL,AR,United States,HTTPS://www.share.arvest.com,42057,70.9,B,"seats 173 (+17) · growth +22% (+12) · offices 178 (+10) · flags: bank_affiliate, low_discretion, manager_selection",20260930T053624-d64ec98,website
