rank,crd,name,city,state,raum,growth,seats,offices,hnw_share,score,tier,why,iapd_url,item11,new_registrant,stale_filing,crossed_500m,crossed_1b,crossed_5b,fund_launched,bank_affiliate,seat_growth,low_discretion,commissions,manager_selection,run_id
1,153184,"STRATOS WEALTH PARTNERS, LTD",BEACHWOOD,OH,18646381698.0,0.2885127242100105,352.0,170.0,0.6368187398670294,92.2,A,"seats 352 (+20) · growth +29% (+15) · offices 170 (+10) · flags: bank_affiliate, manager_selection",https://adviserinfo.sec.gov/firm/summary/153184,False,False,False,False,False,False,False,True,False,False,False,True,20260930T053624-d64ec98
2,7995,"AUSDAL FINANCIAL PARTNERS, INC.",DAVENPORT,IA,3733313940.0,0.7489274278698688,283.0,111.0,0.5529258468951582,92.0,A,"seats 283 (+20) · growth +75% (+20) · offices 111 (+10) · flags: commissions, manager_selection",https://adviserinfo.sec.gov/firm/summary/7995,False,False,False,False,False,False,False,False,False,False,True,True,20260930T053624-d64ec98
3,2882,"VOYA FINANCIAL ADVISORS, INC.",WINDSOR,CT,3870673693.0,0.41021756602438275,638.0,303.0,0.41275619122564977,91.8,A,"seats 638 (+20) · growth +41% (+17) · offices 303 (+10) · flags: item11, bank_affiliate, low_discretion, commissions, manager_selection",https://adviserinfo.sec.gov/firm/summary/2882,True,False,False,False,False,False,False,True,False,True,True,True,20260930T053624-d64ec98
4,164484,TD PRIVATE CLIENT WEALTH LLC,NEW YORK,NY,8574585303.0,0.3293156799468171,514.0,221.0,0.4397935279366361,86.8,A,"seats 514 (+20) · growth +33% (+16) · offices 221 (+10) · flags: bank_affiliate, manager_selection",https://adviserinfo.sec.gov/firm/summary/164484,False,False,False,False,False,False,False,True,False,False,False,True,20260930T053624-d64ec98
5,139627,"INTEGRITY ALLIANCE, LLC",URBANDALE,IA,5411976879.0,1.245857909773529,322.0,128.0,0.49095281620843745,86.4,A,"seats 322 (+20) · growth +125% (+20) · offices 128 (+10) · flags: item11, crossed_5b, seat_growth, manager_selection",https://adviserinfo.sec.gov/firm/summary/139627,True,False,False,False,False,True,False,False,True,False,False,True,20260930T053624-d64ec98
6,142457,MERIT FINANCIAL ADVISORS,ALPHARETTA,GA,23875298692.0,1.2574876873831324,407.0,65.0,0.47447683089283466,85.4,A,"seats 407 (+20) · growth +126% (+20) · hybrid_depth 87% (+10) · flags: seat_growth, manager_selection",https://adviserinfo.sec.gov/firm/summary/142457,False,False,False,False,False,False,False,False,True,False,False,True,20260930T053624-d64ec98
7,299322,"SUMMIT FINANCIAL, LLC",PARSIPPANY,NJ,22470472144.0,0.5021324709580428,216.0,107.0,0.6248867714935541,84.4,A,"seats 216 (+18) · growth +50% (+18) · offices 107 (+10) · flags: seat_growth, manager_selection",https://adviserinfo.sec.gov/firm/summary/299322,False,False,False,False,False,False,False,False,True,False,False,True,20260930T053624-d64ec98
8,7927,"NORTHERN TRUST SECURITIES, INC",CHICAGO,IL,1662427504.0,0.3018940182594083,377.0,29.0,0.8763462349453526,84.2,A,"seats 377 (+20) · growth +30% (+16) · hybrid_depth 98% (+10) · flags: item11, bank_affiliate, seat_growth, manager_selection",https://adviserinfo.sec.gov/firm/summary/7927,True,False,False,False,False,False,False,True,True,False,False,True,20260930T053624-d64ec98
9,18387,THRIVENT INVESTMENT MANAGEMENT INC.,MINNEAPOLIS,MN,20769867010.0,0.18688172555700544,3901.0,1226.0,0.5487732616444905,83.6,A,"seats 3,901 (+20) · offices 1,226 (+10) · hybrid_depth 100% (+10) · flags: item11, bank_affiliate, low_discretion",https://adviserinfo.sec.gov/firm/summary/18387,True,False,False,False,False,False,False,True,False,True,False,False,20260930T053624-d64ec98
10,171481,IHT WEALTH MANAGEMENT LLC,CHICAGO,IL,9801751527.0,0.537268138954802,153.0,67.0,0.5857553255848821,82.9,A,growth +54% (+18) · seats 153 (+16) · hybrid_depth 84% (+10) · flags: manager_selection,https://adviserinfo.sec.gov/firm/summary/171481,False,False,False,False,False,False,False,False,False,False,False,True,20260930T053624-d64ec98
11,46173,PARK AVENUE SECURITIES LLC,NEW YORK,NY,19575765851.0,0.3051508595313204,2054.0,543.0,0.48017846824214144,82.8,A,"seats 2,054 (+20) · growth +31% (+16) · offices 543 (+10) · flags: item11, manager_selection",https://adviserinfo.sec.gov/firm/summary/46173,True,False,False,False,False,False,False,False,False,False,False,True,20260930T053624-d64ec98
12,171070,"OSAIC ADVISORY SERVICES, LLC",ATLANTA,GA,15479826382.0,0.24139635948296467,826.0,200.0,0.5741337840412996,82.8,A,"seats 826 (+20) · growth +24% (+14) · offices 200 (+10) · flags: item11, manager_selection",https://adviserinfo.sec.gov/firm/summary/171070,True,False,False,False,False,False,False,False,False,False,False,True,20260930T053624-d64ec98
13,10740,"PROSPERA FINANCIAL SERVICES, INC.",DALLAS,TX,12435115072.0,0.2674126318970793,220.0,139.0,0.4579202751265059,82.7,A,"seats 220 (+18) · growth +27% (+15) · offices 139 (+10) · flags: item11, stale_filing, seat_growth, commissions, manager_selection",https://adviserinfo.sec.gov/firm/summary/10740,True,False,True,False,False,False,False,False,True,False,True,True,20260930T053624-d64ec98
14,37031,"PACKERLAND BROKERAGE SERVICES, INC.",GREEN BAY,WI,1358224265.0,0.4934096428204102,318.0,133.0,0.3637339559678681,82.6,A,"seats 318 (+20) · growth +49% (+18) · offices 133 (+10) · flags: item11, crossed_1b, manager_selection",https://adviserinfo.sec.gov/firm/summary/37031,True,False,False,False,True,False,False,False,False,False,False,True,20260930T053624-d64ec98
15,155193,"KESTRA PRIVATE WEALTH SERVICES, LLC",AUSTIN,TX,13452224033.0,0.3174793713008721,211.0,42.0,0.6751765544284107,81.9,A,"seats 211 (+18) · growth +32% (+16) · hybrid_depth 95% (+10) · flags: item11, manager_selection",https://adviserinfo.sec.gov/firm/summary/155193,True,False,False,False,False,False,False,False,False,False,False,True,20260930T053624-d64ec98
16,168267,"INDEPENDENT ADVISOR ALLIANCE, LLC",CHARLOTTE,NC,17233280665.0,0.22446388626213487,247.0,140.0,0.6946260459456168,81.4,A,seats 247 (+19) · growth +22% (+13) · offices 140 (+10) · flags: manager_selection,https://adviserinfo.sec.gov/firm/summary/168267,False,False,False,False,False,False,False,False,False,False,False,True,20260930T053624-d64ec98
17,140599,"LARSON FINANCIAL GROUP, LLC",SAINT LOUIS,MO,5481842388.0,0.35933551141330544,68.0,20.0,0.8086058732194253,81.0,A,"growth +36% (+17) · seats 68 (+11) · platform_sponsor yes (+10) · flags: item11, crossed_5b, manager_selection",https://adviserinfo.sec.gov/firm/summary/140599,True,False,False,False,False,True,False,False,False,False,False,True,20260930T053624-d64ec98
18,8361,A.G.P / ALLIANCE GLOBAL PARTNERS,WESTPORT,CT,2300125872.0,0.3616003146493234,258.0,17.0,0.424822089475632,80.3,A,"seats 258 (+19) · growth +36% (+17) · hybrid_depth 81% (+10) · flags: item11, manager_selection",https://adviserinfo.sec.gov/firm/summary/8361,True,False,False,False,False,False,False,False,False,False,False,True,20260930T053624-d64ec98
19,1137,"PRINCIPAL SECURITIES, INC.",DES MOINES,IA,17024265096.0,0.14813789753115292,1464.0,358.0,0.32464096592918795,79.8,A,"seats 1,464 (+20) · offices 358 (+10) · hybrid_depth 97% (+10) · flags: item11, bank_affiliate, manager_selection",https://adviserinfo.sec.gov/firm/summary/1137,True,False,False,False,False,False,False,True,False,False,False,True,20260930T053624-d64ec98
20,171976,WEALTHCARE ADVISORY PARTNERS LLC,WEST CHESTER,PA,8288119150.0,0.3778773495381651,173.0,69.0,0.64160998023297,78.6,A,"growth +38% (+17) · seats 173 (+17) · platform_sponsor yes (+10) · flags: item11, manager_selection",https://adviserinfo.sec.gov/firm/summary/171976,True,False,False,False,False,False,False,False,False,False,False,True,20260930T053624-d64ec98
21,10111,PRIMERICA ADVISORS,DULUTH,GA,15536099534.0,0.392620539600566,3975.0,1828.0,0.20618983078664924,77.4,A,"seats 3,975 (+20) · growth +39% (+17) · offices 1,828 (+10) · flags: item11",https://adviserinfo.sec.gov/firm/summary/10111,True,False,False,False,False,False,False,False,False,False,False,False,20260930T053624-d64ec98
22,14023,"SYNOVUS SECURITIES, INC.",COLUMBUS,GA,8445083014.0,0.19177870331824276,229.0,64.0,0.5867744537010657,77.4,A,"seats 229 (+18) · growth +19% (+10) · hybrid_depth 82% (+10) · flags: item11, bank_affiliate, commissions, manager_selection",https://adviserinfo.sec.gov/firm/summary/14023,True,False,False,False,False,False,False,True,False,False,True,True,20260930T053624-d64ec98
23,19585,HSBC SECURITIES (USA) INC.,NEW YORK,NY,3838097569.0,0.1873274375736056,402.0,58.0,0.4039573228994169,77.3,A,"seats 402 (+20) · platform_sponsor yes (+10) · growth +19% (+10) · flags: item11, bank_affiliate, low_discretion, manager_selection",https://adviserinfo.sec.gov/firm/summary/19585,True,False,False,False,False,False,False,True,False,True,False,True,20260930T053624-d64ec98
24,106743,CITIZENS PRIVATE WEALTH,TARRYTOWN,NY,16634578146.0,0.3653987723001293,214.0,25.0,0.9440957611405603,77.0,A,"seats 214 (+18) · growth +37% (+17) · platform_sponsor yes (+10) · flags: bank_affiliate, manager_selection",https://adviserinfo.sec.gov/firm/summary/106743,False,False,False,False,False,False,False,True,False,False,False,True,20260930T053624-d64ec98
25,44430,"FIRST CITIZENS INVESTOR SERVICES, INC.",RALEIGH,NC,2626080185.0,0.2512478278779402,351.0,111.0,0.38775478746472475,76.9,A,"seats 351 (+20) · growth +25% (+14) · offices 111 (+10) · flags: bank_affiliate, low_discretion, manager_selection",https://adviserinfo.sec.gov/firm/summary/44430,False,False,False,False,False,False,False,True,False,True,False,True,20260930T053624-d64ec98
26,628,"FIFTH THIRD SECURITIES, INC.",CINCINNATI,OH,10924793999.0,0.19689062463629714,13533.0,1117.0,0.22908653272813076,76.4,A,"seats 13,533 (+20) · growth +20% (+11) · offices 1,117 (+10) · flags: bank_affiliate, seat_growth, manager_selection",https://adviserinfo.sec.gov/firm/summary/628,False,False,False,False,False,False,False,True,True,False,False,True,20260930T053624-d64ec98
27,108050,"VALMARK ADVISERS, INC.",AKRON,OH,10166311019.0,0.2132821493984549,280.0,156.0,0.3881902426184272,76.2,A,"seats 280 (+20) · growth +21% (+12) · offices 156 (+10) · flags: item11, manager_selection",https://adviserinfo.sec.gov/firm/summary/108050,True,False,False,False,False,False,False,False,False,False,False,True,20260930T053624-d64ec98
28,288792,"KINGSWOOD WEALTH ADVISORS, LLC",SAN DIEGO,CA,3800734890.0,0.5381734777751428,76.0,43.0,0.553899274463734,76.1,A,growth +54% (+18) · seats 76 (+12) · platform_sponsor yes (+10) · flags: manager_selection,https://adviserinfo.sec.gov/firm/summary/288792,False,False,False,False,False,False,False,False,False,False,False,True,20260930T053624-d64ec98
29,281554,INTRUA FINANCIAL,HOUSTON,TX,1747007902.0,0.44051525844991923,38.0,26.0,0.5392522471830239,76.1,A,growth +44% (+18) · platform_sponsor yes (+10) · hybrid_depth 70% (+9) · flags: manager_selection,https://adviserinfo.sec.gov/firm/summary/281554,False,False,False,False,False,False,False,False,False,False,False,True,20260930T053624-d64ec98
30,20999,"CALTON & ASSOCIATES, INC.",TAMPA,FL,1576517756.0,0.296455280940747,369.0,70.0,0.40990108074621645,76.1,A,"seats 369 (+20) · growth +30% (+15) · hybrid_depth 99% (+10) · flags: item11, commissions, manager_selection",https://adviserinfo.sec.gov/firm/summary/20999,True,False,False,False,False,False,False,False,False,False,True,True,20260930T053624-d64ec98
31,283087,ONESEVEN,BEACHWOOD,OH,7717771462.0,0.5918437614714234,95.0,47.0,0.559769730973669,75.9,A,"growth +59% (+18) · seats 95 (+13) · platform_sponsor yes (+10) · flags: crossed_5b, manager_selection",https://adviserinfo.sec.gov/firm/summary/283087,False,False,False,False,False,True,False,False,False,False,False,True,20260930T053624-d64ec98
32,162200,CAPITAL ANALYSTS,FORT WASHINGTON,PA,8769033123.0,0.006407593214763141,667.0,254.0,0.5262690543266181,75.4,A,"seats 667 (+20) · offices 254 (+10) · hybrid_depth 97% (+10) · flags: item11, manager_selection",https://adviserinfo.sec.gov/firm/summary/162200,True,False,False,False,False,False,False,False,False,False,False,True,20260930T053624-d64ec98
33,167658,"MUTUAL ADVISORS, LLC",OMAHA,NE,8545398177.0,0.26594848430204765,158.0,75.0,0.706556055076613,75.2,A,"seats 158 (+16) · growth +27% (+15) · platform_sponsor yes (+10) · flags: seat_growth, manager_selection",https://adviserinfo.sec.gov/firm/summary/167658,False,False,False,False,False,False,False,False,True,False,False,True,20260930T053624-d64ec98
34,19258,"HARBOUR INVESTMENTS, INC.",MADISON,WI,9599102688.0,0.26810982589429644,232.0,137.0,0.27038566899014715,75.1,A,"seats 232 (+18) · growth +27% (+15) · offices 137 (+10) · flags: item11, commissions, manager_selection",https://adviserinfo.sec.gov/firm/summary/19258,True,False,False,False,False,False,False,False,False,False,True,True,20260930T053624-d64ec98
35,17530,BOK FINANCIAL ADVISORS,TULSA,OK,1058021768.0,0.26614728722054437,142.0,114.0,0.3974493859373978,75.1,A,"seats 142 (+16) · growth +27% (+15) · offices 114 (+10) · flags: item11, crossed_1b, bank_affiliate, low_discretion, commissions, manager_selection",https://adviserinfo.sec.gov/firm/summary/17530,True,False,False,False,True,False,False,True,False,True,True,True,20260930T053624-d64ec98
36,1588,DAVENPORT & COMPANY LLC,RICHMOND,VA,24699034685.0,0.09898940186744798,358.0,29.0,0.5694843363065628,74.3,B,"seats 358 (+20) · platform_sponsor yes (+10) · scale $24.7B (+10) · flags: item11, commissions, manager_selection",https://adviserinfo.sec.gov/firm/summary/1588,True,False,False,False,False,False,False,False,False,False,True,True,20260930T053624-d64ec98
37,307771,NEW EDGE WEALTH,STAMFORD,CT,19926358801.0,0.6515859543568598,99.0,18.0,0.885360986730533,74.1,B,"growth +65% (+19) · seats 99 (+13) · platform_sponsor yes (+10) · flags: commissions, manager_selection",https://adviserinfo.sec.gov/firm/summary/307771,False,False,False,False,False,False,False,False,False,False,True,True,20260930T053624-d64ec98
38,134086,LEVEL FOUR ADVISORY SERVICES,DALLAS,TX,6543203513.0,0.22983021855042796,119.0,70.0,0.4901600211009668,74.0,B,"seats 119 (+15) · growth +23% (+13) · hybrid_depth 85% (+10) · flags: bank_affiliate, manager_selection",https://adviserinfo.sec.gov/firm/summary/134086,False,False,False,False,False,False,False,True,False,False,False,True,20260930T053624-d64ec98
39,128545,CARY STREET PARTNERS,RICHMOND,VA,10252264301.0,0.2406097064822439,85.0,24.0,0.7262119504931012,73.7,B,"growth +24% (+14) · seats 85 (+13) · platform_sponsor yes (+10) · flags: fund_launched, manager_selection",https://adviserinfo.sec.gov/firm/summary/128545,False,False,False,False,False,False,True,False,False,False,False,True,20260930T053624-d64ec98
40,44181,"NATIONS FINANCIAL GROUP, INC.",CEDAR RAPIDS,IA,4771466316.0,0.23372682175123494,81.0,39.0,0.7095618515941338,73.5,B,growth +23% (+13) · seats 81 (+12) · hybrid_depth 84% (+10) · flags: manager_selection,https://adviserinfo.sec.gov/firm/summary/44181,False,False,False,False,False,False,False,False,False,False,False,True,20260930T053624-d64ec98
41,113074,ADVISORNET WEALTH PARTNERS,MINNETONKA,MN,3149498789.0,0.34615981670626184,68.0,37.0,0.7190730534362495,73.5,B,"growth +35% (+16) · seats 68 (+11) · platform_sponsor yes (+10) · flags: item11, manager_selection",https://adviserinfo.sec.gov/firm/summary/113074,True,False,False,False,False,False,False,False,False,False,False,True,20260930T053624-d64ec98
42,125112,INDEPENDENT FINANCIAL PARTNERS,TAMPA,FL,16291865537.0,0.29930669185932435,302.0,171.0,0.5130647221471725,73.4,B,"seats 302 (+20) · growth +30% (+16) · offices 171 (+10) · flags: item11, manager_selection",https://adviserinfo.sec.gov/firm/summary/125112,True,False,False,False,False,False,False,False,False,False,False,True,20260930T053624-d64ec98
43,46047,"HANTZ FINANCIAL SERVICES, INC.",SOUTHFIELD,MI,10000548132.0,0.2792512737167516,353.0,20.0,0.4498608295883756,72.8,B,"seats 353 (+20) · growth +28% (+15) · hybrid_depth 81% (+10) · flags: bank_affiliate, manager_selection",https://adviserinfo.sec.gov/firm/summary/46047,False,False,False,False,False,False,False,True,False,False,False,True,20260930T053624-d64ec98
44,8733,"LPL ENTERPRISE, LLC",FORT MILL,SC,24939385373.0,0.32219566365437724,4492.0,1140.0,0.5090769156141706,72.7,B,"seats 4,492 (+20) · growth +32% (+16) · offices 1,140 (+10) · flags: item11, bank_affiliate, seat_growth",https://adviserinfo.sec.gov/firm/summary/8733,True,False,False,False,False,False,False,True,True,False,False,False,20260930T053624-d64ec98
45,3496,STEPHENS,LITTLE ROCK,AR,18044844233.0,0.15577364166996044,611.0,20.0,0.5603447560665901,72.7,B,"seats 611 (+20) · hybrid_depth 100% (+10) · platform_sponsor yes (+10) · flags: item11, commissions, manager_selection",https://adviserinfo.sec.gov/firm/summary/3496,True,False,False,False,False,False,False,False,False,False,True,True,20260930T053624-d64ec98
46,168012,"IFG ADVISORY, LLC",ATLANTA,GA,4759187483.0,0.19804862895900333,86.0,62.0,0.7405944091486425,72.7,B,seats 86 (+13) · growth +20% (+11) · platform_sponsor yes (+10) · flags: manager_selection,https://adviserinfo.sec.gov/firm/summary/168012,False,False,False,False,False,False,False,False,False,False,False,True,20260930T053624-d64ec98
47,14455,"U.S. BANCORP ADVISORS, LLC",SAINT PAUL,MN,1796069079.0,0.1843641579724158,274.0,174.0,0.3157970250875857,72.6,B,"seats 274 (+19) · offices 174 (+10) · platform_sponsor yes (+10) · flags: item11, bank_affiliate, seat_growth, manager_selection",https://adviserinfo.sec.gov/firm/summary/14455,True,False,False,False,False,False,False,True,True,False,False,True,20260930T053624-d64ec98
48,28218,"STIFEL INDEPENDENT ADVISORS, LLC",ST LOUIS,MO,5006962899.0,0.1433671619530521,156.0,77.0,0.6902328790353596,71.9,B,"seats 156 (+16) · scale $5.0B (+10) · hnw_mix 69% (+10) · flags: item11, crossed_5b, bank_affiliate, commissions, manager_selection",https://adviserinfo.sec.gov/firm/summary/28218,True,False,False,False,False,True,False,True,False,False,True,True,20260930T053624-d64ec98
49,158819,CORECAP ADVISORS,SOUTHFIELD,MI,3986624254.0,0.258662025117953,110.0,40.0,0.5386439692292104,71.1,B,"growth +26% (+15) · seats 110 (+14) · platform_sponsor yes (+10) · flags: item11, manager_selection",https://adviserinfo.sec.gov/firm/summary/158819,True,False,False,False,False,False,False,False,False,False,False,True,20260930T053624-d64ec98
50,42057,ARVEST WEALTH MANAGEMENT,LOWELL,AR,3439741668.0,0.2176699708255727,173.0,178.0,0.3811771643195387,70.9,B,"seats 173 (+17) · growth +22% (+12) · offices 178 (+10) · flags: bank_affiliate, low_discretion, manager_selection",https://adviserinfo.sec.gov/firm/summary/42057,False,False,False,False,False,False,False,True,False,True,False,True,20260930T053624-d64ec98
