Radar rank,Firm,City,State,RAUM,Growth vs prior filing,Advisor seats,Other offices,HNW share,Score,Tier,Why,Review note,Launched a private fund since prior filing,IAPD,CRD,Your verdict (Yes / No / Already talking)
2,"AUSDAL FINANCIAL PARTNERS, INC.",DAVENPORT,IA,$3.73B,+75%,283.0,111.0,55%,92.0,A,"seats 283 (+20) · growth +75% (+20) · offices 111 (+10) · flags: commissions, manager_selection",Advisor- and employee-owned IBD+RIA since 1979; the +75% is a real $1B OSJ pickup from Osaic (Feb 2025),False,https://adviserinfo.sec.gov/firm/summary/7995,7995,
5,"INTEGRITY ALLIANCE, LLC",URBANDALE,IA,$5.41B,+125%,322.0,128.0,49%,86.4,A,"seats 322 (+20) · growth +125% (+20) · offices 128 (+10) · flags: item11, crossed_5b, seat_growth, manager_selection",fka Brokers International Financial Services (renamed Oct 2024); Integrity Marketing Group-owned; insurance-centric,False,https://adviserinfo.sec.gov/firm/summary/139627,139627,
6,MERIT FINANCIAL ADVISORS,ALPHARETTA,GA,$23.88B,+126%,407.0,65.0,47%,85.4,A,"seats 407 (+20) · growth +126% (+20) · hybrid_depth 87% (+10) · flags: seat_growth, manager_selection",Stretch-up account: about 2x the customer band; Constellation minority stake July 2025,False,https://adviserinfo.sec.gov/firm/summary/142457,142457,
7,"SUMMIT FINANCIAL, LLC",PARSIPPANY,NJ,$22.47B,+50%,216.0,107.0,62%,84.4,A,"seats 216 (+18) · growth +50% (+18) · offices 107 (+10) · flags: seat_growth, manager_selection",Stretch-up account: about 2x the band; runs an alternatives-held-directly program; Merchant majority stake Jan 2025,False,https://adviserinfo.sec.gov/firm/summary/299322,299322,
10,IHT WEALTH MANAGEMENT LLC,CHICAGO,IL,$9.80B,+54%,153.0,67.0,59%,82.9,A,growth +54% (+18) · seats 153 (+16) · hybrid_depth 84% (+10) · flags: manager_selection,,False,https://adviserinfo.sec.gov/firm/summary/171481,171481,
13,"PROSPERA FINANCIAL SERVICES, INC.",DALLAS,TX,$12.44B,+27%,220.0,139.0,46%,82.7,A,"seats 220 (+18) · growth +27% (+15) · offices 139 (+10) · flags: item11, stale_filing, seat_growth, commissions, manager_selection",Executive-owned 1982 IBD+RIA; the most on-profile name on the list,False,https://adviserinfo.sec.gov/firm/summary/10740,10740,
14,"PACKERLAND BROKERAGE SERVICES, INC.",GREEN BAY,WI,$1.36B,+49%,318.0,133.0,36%,82.6,A,"seats 318 (+20) · growth +49% (+18) · offices 133 (+10) · flags: item11, crossed_1b, manager_selection",,False,https://adviserinfo.sec.gov/firm/summary/37031,37031,
16,Visionary Square (fka Independent Advisor Alliance),CHARLOTTE,NC,$17.23B,+22%,247.0,140.0,69%,81.4,A,seats 247 (+19) · growth +22% (+13) · offices 140 (+10) · flags: manager_selection,"Renamed March 2026 (visionarysquare.com, 2026-09-30); Russo-owned; about 2x the customer band",False,https://adviserinfo.sec.gov/firm/summary/168267,168267,
17,"LARSON FINANCIAL GROUP, LLC",SAINT LOUIS,MO,$5.48B,+36%,68.0,20.0,81%,81.0,A,"growth +36% (+17) · seats 68 (+11) · platform_sponsor yes (+10) · flags: item11, crossed_5b, manager_selection",,False,https://adviserinfo.sec.gov/firm/summary/140599,140599,
20,WEALTHCARE ADVISORY PARTNERS LLC,WEST CHESTER,PA,$8.29B,+38%,173.0,69.0,64%,78.6,A,"growth +38% (+17) · seats 173 (+17) · platform_sponsor yes (+10) · flags: item11, manager_selection",Sammons-owned since July 2025,False,https://adviserinfo.sec.gov/firm/summary/171976,171976,
27,"VALMARK ADVISERS, INC.",AKRON,OH,$10.17B,+21%,280.0,156.0,39%,76.2,A,"seats 280 (+20) · growth +21% (+12) · offices 156 (+10) · flags: item11, manager_selection",,False,https://adviserinfo.sec.gov/firm/summary/108050,108050,
28,"KINGSWOOD WEALTH ADVISORS, LLC",SAN DIEGO,CA,$3.80B,+54%,76.0,43.0,55%,76.1,A,growth +54% (+18) · seats 76 (+12) · platform_sponsor yes (+10) · flags: manager_selection,UK PE parent; brand discontinued,False,https://adviserinfo.sec.gov/firm/summary/288792,288792,
30,"CALTON & ASSOCIATES, INC.",TAMPA,FL,$1.58B,+30%,369.0,70.0,41%,76.1,A,"seats 369 (+20) · growth +30% (+15) · hybrid_depth 99% (+10) · flags: item11, commissions, manager_selection",,False,https://adviserinfo.sec.gov/firm/summary/20999,20999,
31,OneSeven,BEACHWOOD,OH,$7.72B,+59%,95.0,47.0,56%,75.9,A,"growth +59% (+18) · seats 95 (+13) · platform_sponsor yes (+10) · flags: crossed_5b, manager_selection","Founder-controlled, RIA-first",False,https://adviserinfo.sec.gov/firm/summary/283087,283087,
32,Lincoln Investment (Capital Analysts),FORT WASHINGTON,PA,$8.77B,+1%,667.0,254.0,53%,75.4,A,"seats 667 (+20) · offices 254 (+10) · hybrid_depth 97% (+10) · flags: item11, manager_selection",Lincoln Investment's RIA; sibling Lincoln Investment Planning (CRD 519) files separately,False,https://adviserinfo.sec.gov/firm/summary/162200,162200,
33,Mutual Group (Mutual Advisors),OMAHA,NE,$8.55B,+27%,158.0,75.0,71%,75.2,A,"seats 158 (+16) · growth +27% (+15) · platform_sponsor yes (+10) · flags: seat_growth, manager_selection","Family-owned 1982 IBD's RIA, Omaha; not Mutual of Omaha",False,https://adviserinfo.sec.gov/firm/summary/167658,167658,
34,"HARBOUR INVESTMENTS, INC.",MADISON,WI,$9.60B,+27%,232.0,137.0,27%,75.1,A,"seats 232 (+18) · growth +27% (+15) · offices 137 (+10) · flags: item11, commissions, manager_selection",27% HNW share; deprioritize,False,https://adviserinfo.sec.gov/firm/summary/19258,19258,
38,LEVEL FOUR ADVISORY SERVICES,DALLAS,TX,$6.54B,+23%,119.0,70.0,49%,74.0,B,"seats 119 (+15) · growth +23% (+13) · hybrid_depth 85% (+10) · flags: bank_affiliate, manager_selection","The 7A(8) related person is a national trust bank; owners are Level Four Group, CRI Advisors and a Centerbridge aggregator (ADV Schedule A/B, 2026-09-30)",False,https://adviserinfo.sec.gov/firm/summary/134086,134086,
39,CARY STREET PARTNERS,RICHMOND,VA,$10.25B,+24%,85.0,24.0,73%,73.7,B,"growth +24% (+14) · seats 85 (+13) · platform_sponsor yes (+10) · flags: fund_launched, manager_selection",CIVC-owned; already runs its own private-markets fund,True,https://adviserinfo.sec.gov/firm/summary/128545,128545,
40,"NATIONS FINANCIAL GROUP, INC.",CEDAR RAPIDS,IA,$4.77B,+23%,81.0,39.0,71%,73.5,B,growth +23% (+13) · seats 81 (+12) · hybrid_depth 84% (+10) · flags: manager_selection,"Founder-owned IBD+RIA, 71% HNW; cleanest DAI/Arkadios-scale lookalike",False,https://adviserinfo.sec.gov/firm/summary/44181,44181,
41,ADVISORNET WEALTH PARTNERS,MINNETONKA,MN,$3.15B,+35%,68.0,37.0,72%,73.5,B,"growth +35% (+16) · seats 68 (+11) · platform_sponsor yes (+10) · flags: item11, manager_selection",,False,https://adviserinfo.sec.gov/firm/summary/113074,113074,
42,INDEPENDENT FINANCIAL PARTNERS,TAMPA,FL,$16.29B,+30%,302.0,171.0,51%,73.4,B,"seats 302 (+20) · growth +30% (+16) · offices 171 (+10) · flags: item11, manager_selection",Hamm-family hybrid that owns its own BD; already has an alts lineup; not the customer Independent Financial Group,False,https://adviserinfo.sec.gov/firm/summary/125112,125112,
46,"Integrated Financial Group (IFG Advisory, Atlanta)",ATLANTA,GA,$4.76B,+20%,86.0,62.0,74%,72.7,B,seats 86 (+13) · growth +20% (+11) · platform_sponsor yes (+10) · flags: manager_selection,Member-owned planner consortium on LPL; not the customer Independent Financial Group,False,https://adviserinfo.sec.gov/firm/summary/168012,168012,
49,CORECAP ADVISORS,SOUTHFIELD,MI,$3.99B,+26%,110.0,40.0,54%,71.1,B,"growth +26% (+15) · seats 110 (+14) · platform_sponsor yes (+10) · flags: item11, manager_selection",Simplicity Group-owned since March 2024; insurance-led,False,https://adviserinfo.sec.gov/firm/summary/158819,158819,
51,Newbridge Financial Services Group (NFSG),BOCA RATON,FL,$1.08B,+33%,74.0,24.0,44%,70.3,B,"growth +33% (+16) · seats 74 (+12) · platform_sponsor yes (+10) · flags: crossed_1b, manager_selection","Founder-owned Newbridge Financial holding: Newbridge Securities (IBD) + NFSG (RIA), Boca Raton (nfsgwealth.com, 2026-09-30)",False,https://adviserinfo.sec.gov/firm/summary/130814,130814,
